{
  "LaunchWekipedia-0" : {
    "transaction" : "LaunchWekipedia-0",
    "sampleCount" : 5,
    "errorCount" : 0,
    "errorPct" : 0.0,
    "meanResTime" : 271.0,
    "medianResTime" : 211.0,
    "minResTime" : 204.0,
    "maxResTime" : 435.0,
    "pct1ResTime" : 435.0,
    "pct2ResTime" : 435.0,
    "pct3ResTime" : 435.0,
    "throughput" : 5.307855626326964,
    "receivedKBytesPerSec" : 7.267200769639066,
    "sentKBytesPerSec" : 3.5247478768577496
  },
  "searchInWekipedia" : {
    "transaction" : "searchInWekipedia",
    "sampleCount" : 5,
    "errorCount" : 0,
    "errorPct" : 0.0,
    "meanResTime" : 193.6,
    "medianResTime" : 216.0,
    "minResTime" : 50.0,
    "maxResTime" : 326.0,
    "pct1ResTime" : 326.0,
    "pct2ResTime" : 326.0,
    "pct3ResTime" : 326.0,
    "throughput" : 9.025270758122744,
    "receivedKBytesPerSec" : 19.32324571299639,
    "sentKBytesPerSec" : 5.288244584837544
  },
  "Total" : {
    "transaction" : "Total",
    "sampleCount" : 20,
    "errorCount" : 0,
    "errorPct" : 0.0,
    "meanResTime" : 235.45000000000002,
    "medianResTime" : 213.5,
    "minResTime" : 50.0,
    "maxResTime" : 539.0,
    "pct1ResTime" : 431.9000000000001,
    "pct2ResTime" : 533.8,
    "pct3ResTime" : 539.0,
    "throughput" : 18.24817518248175,
    "receivedKBytesPerSec" : 250.91419080748173,
    "sentKBytesPerSec" : 14.871193544708028
  },
  "LaunchWekipedia-1" : {
    "transaction" : "LaunchWekipedia-1",
    "sampleCount" : 5,
    "errorCount" : 0,
    "errorPct" : 0.0,
    "meanResTime" : 102.8,
    "medianResTime" : 103.0,
    "minResTime" : 100.0,
    "maxResTime" : 105.0,
    "pct1ResTime" : 105.0,
    "pct2ResTime" : 105.0,
    "pct3ResTime" : 105.0,
    "throughput" : 8.223684210526315,
    "receivedKBytesPerSec" : 206.0900236430921,
    "sentKBytesPerSec" : 5.533318770559211
  },
  "LaunchWekipedia" : {
    "transaction" : "LaunchWekipedia",
    "sampleCount" : 5,
    "errorCount" : 0,
    "errorPct" : 0.0,
    "meanResTime" : 374.4,
    "medianResTime" : 315.0,
    "minResTime" : 305.0,
    "maxResTime" : 539.0,
    "pct1ResTime" : 539.0,
    "pct2ResTime" : 539.0,
    "pct3ResTime" : 539.0,
    "throughput" : 4.7892720306513406,
    "receivedKBytesPerSec" : 126.57896312260536,
    "sentKBytesPerSec" : 6.402845126915708
  }
}