{
  "LaunchWekipedia-0" : {
    "transaction" : "LaunchWekipedia-0",
    "sampleCount" : 5,
    "errorCount" : 0,
    "errorPct" : 0.0,
    "meanResTime" : 286.2,
    "medianResTime" : 218.0,
    "minResTime" : 205.0,
    "maxResTime" : 474.0,
    "pct1ResTime" : 474.0,
    "pct2ResTime" : 474.0,
    "pct3ResTime" : 474.0,
    "throughput" : 5.268703898840885,
    "receivedKBytesPerSec" : 7.213596548998947,
    "sentKBytesPerSec" : 3.4987486828240253
  },
  "searchInWekipedia" : {
    "transaction" : "searchInWekipedia",
    "sampleCount" : 5,
    "errorCount" : 0,
    "errorPct" : 0.0,
    "meanResTime" : 51.4,
    "medianResTime" : 51.0,
    "minResTime" : 50.0,
    "maxResTime" : 53.0,
    "pct1ResTime" : 53.0,
    "pct2ResTime" : 53.0,
    "pct3ResTime" : 53.0,
    "throughput" : 9.560229445506693,
    "receivedKBytesPerSec" : 20.446193833652007,
    "sentKBytesPerSec" : 5.601696940726577
  },
  "Total" : {
    "transaction" : "Total",
    "sampleCount" : 20,
    "errorCount" : 0,
    "errorPct" : 0.0,
    "meanResTime" : 207.84999999999997,
    "medianResTime" : 156.0,
    "minResTime" : 50.0,
    "maxResTime" : 578.0,
    "pct1ResTime" : 469.7000000000001,
    "pct2ResTime" : 572.8,
    "pct3ResTime" : 578.0,
    "throughput" : 18.13236627379873,
    "receivedKBytesPerSec" : 249.32888995920217,
    "sentKBytesPerSec" : 14.77681606980961
  },
  "LaunchWekipedia-1" : {
    "transaction" : "LaunchWekipedia-1",
    "sampleCount" : 5,
    "errorCount" : 0,
    "errorPct" : 0.0,
    "meanResTime" : 103.6,
    "medianResTime" : 103.0,
    "minResTime" : 102.0,
    "maxResTime" : 107.0,
    "pct1ResTime" : 107.0,
    "pct2ResTime" : 107.0,
    "pct3ResTime" : 107.0,
    "throughput" : 8.680555555555555,
    "receivedKBytesPerSec" : 217.55642361111111,
    "sentKBytesPerSec" : 5.840725368923612
  },
  "LaunchWekipedia" : {
    "transaction" : "LaunchWekipedia",
    "sampleCount" : 5,
    "errorCount" : 0,
    "errorPct" : 0.0,
    "meanResTime" : 390.2,
    "medianResTime" : 325.0,
    "minResTime" : 307.0,
    "maxResTime" : 578.0,
    "pct1ResTime" : 578.0,
    "pct2ResTime" : 578.0,
    "pct3ResTime" : 578.0,
    "throughput" : 4.757373929590866,
    "receivedKBytesPerSec" : 125.74519802568983,
    "sentKBytesPerSec" : 6.360200107040914
  }
}